﻿<?xml version="1.0" encoding="utf-8"?>
<TextureAtlas imagePath="anders.png">
	<!-- Created with Adobe Animate version 21.0.3.38773 -->
	<!-- http://www.adobe.com/products/animate.html -->
	<SubTexture name="Dad Sing Note DOWN0000" x="0" y="0" width="519" height="530"/>
	<SubTexture name="Dad Sing Note DOWN0001" x="529" y="0" width="519" height="530"/>
	<SubTexture name="Dad Sing Note DOWN0002" x="1058" y="0" width="519" height="530"/>
	<SubTexture name="Dad Sing Note DOWN0003" x="1058" y="0" width="519" height="530"/>
	<SubTexture name="Dad Sing Note DOWN0004" x="1587" y="0" width="519" height="530"/>
	<SubTexture name="Dad Sing Note DOWN0005" x="1587" y="0" width="519" height="530"/>
	<SubTexture name="Dad Sing Note DOWN0006" x="0" y="0" width="519" height="530"/>
	<SubTexture name="Dad Sing Note DOWN0007" x="0" y="0" width="519" height="530"/>
	<SubTexture name="Dad Sing Note DOWN0008" x="0" y="0" width="519" height="530"/>
	<SubTexture name="Dad Sing Note DOWN0009" x="0" y="0" width="519" height="530"/>
	<SubTexture name="Dad Sing Note DOWN0010" x="0" y="0" width="519" height="530"/>
	<SubTexture name="Dad Sing Note DOWN0011" x="0" y="0" width="519" height="530"/>
	<SubTexture name="Dad Sing Note DOWN0012" x="0" y="0" width="519" height="530"/>
	<SubTexture name="Dad Sing Note DOWN0013" x="0" y="0" width="519" height="530"/>
	<SubTexture name="Dad Sing Note DOWN0014" x="0" y="0" width="519" height="530"/>
	<SubTexture name="Dad Sing Note LEFT0000" x="1058" y="540" width="519" height="530"/>
	<SubTexture name="Dad Sing Note LEFT0001" x="1587" y="540" width="519" height="530"/>
	<SubTexture name="Dad Sing Note LEFT0002" x="2116" y="540" width="519" height="530"/>
	<SubTexture name="Dad Sing Note LEFT0003" x="2116" y="540" width="519" height="530"/>
	<SubTexture name="Dad Sing Note LEFT0004" x="2116" y="540" width="519" height="530"/>
	<SubTexture name="Dad Sing Note LEFT0005" x="2116" y="540" width="519" height="530"/>
	<SubTexture name="Dad Sing Note LEFT0006" x="2116" y="540" width="519" height="530"/>
	<SubTexture name="Dad Sing Note LEFT0007" x="2116" y="540" width="519" height="530"/>
	<SubTexture name="Dad Sing Note LEFT0008" x="2116" y="540" width="519" height="530"/>
	<SubTexture name="Dad Sing Note LEFT0009" x="2116" y="540" width="519" height="530"/>
	<SubTexture name="Dad Sing Note LEFT0010" x="2116" y="540" width="519" height="530"/>
	<SubTexture name="Dad Sing Note LEFT0011" x="2116" y="540" width="519" height="530"/>
	<SubTexture name="Dad Sing Note LEFT0012" x="2116" y="540" width="519" height="530"/>
	<SubTexture name="Dad Sing Note LEFT0013" x="2116" y="540" width="519" height="530"/>
	<SubTexture name="Dad Sing Note LEFT0014" x="2116" y="540" width="519" height="530"/>
	<SubTexture name="Dad Sing Note LEFT0015" x="2116" y="540" width="519" height="530"/>
	<SubTexture name="Dad Sing Note RIGHT0000" x="0" y="1080" width="519" height="530"/>
	<SubTexture name="Dad Sing Note RIGHT0001" x="529" y="1080" width="519" height="530"/>
	<SubTexture name="Dad Sing Note RIGHT0002" x="1058" y="1080" width="519" height="530"/>
	<SubTexture name="Dad Sing Note RIGHT0003" x="1587" y="1080" width="519" height="530"/>
	<SubTexture name="Dad Sing Note RIGHT0004" x="1587" y="1080" width="519" height="530"/>
	<SubTexture name="Dad Sing Note RIGHT0005" x="1587" y="1080" width="519" height="530"/>
	<SubTexture name="Dad Sing Note RIGHT0006" x="1587" y="1080" width="519" height="530"/>
	<SubTexture name="Dad Sing Note RIGHT0007" x="1587" y="1080" width="519" height="530"/>
	<SubTexture name="Dad Sing Note RIGHT0008" x="1587" y="1080" width="519" height="530"/>
	<SubTexture name="Dad Sing Note RIGHT0009" x="1587" y="1080" width="519" height="530"/>
	<SubTexture name="Dad Sing Note RIGHT0010" x="1587" y="1080" width="519" height="530"/>
	<SubTexture name="Dad Sing Note RIGHT0011" x="1587" y="1080" width="519" height="530"/>
	<SubTexture name="Dad Sing Note RIGHT0012" x="1587" y="1080" width="519" height="530"/>
	<SubTexture name="Dad Sing Note RIGHT0013" x="1587" y="1080" width="519" height="530"/>
	<SubTexture name="Dad Sing Note RIGHT0014" x="1587" y="1080" width="519" height="530"/>
	<SubTexture name="Dad Sing Note UP0000" x="2116" y="0" width="519" height="530"/>
	<SubTexture name="Dad Sing Note UP0001" x="0" y="540" width="519" height="530"/>
	<SubTexture name="Dad Sing Note UP0002" x="529" y="540" width="519" height="530"/>
	<SubTexture name="Dad Sing Note UP0003" x="529" y="540" width="519" height="530"/>
	<SubTexture name="Dad Sing Note UP0004" x="529" y="540" width="519" height="530"/>
	<SubTexture name="Dad Sing Note UP0005" x="529" y="540" width="519" height="530"/>
	<SubTexture name="Dad Sing Note UP0006" x="529" y="540" width="519" height="530"/>
	<SubTexture name="Dad Sing Note UP0007" x="529" y="540" width="519" height="530"/>
	<SubTexture name="Dad Sing Note UP0008" x="529" y="540" width="519" height="530"/>
	<SubTexture name="Dad Sing Note UP0009" x="529" y="540" width="519" height="530"/>
	<SubTexture name="Dad Sing Note UP0010" x="529" y="540" width="519" height="530"/>
	<SubTexture name="Dad Sing Note UP0011" x="529" y="540" width="519" height="530"/>
	<SubTexture name="Dad Sing Note UP0012" x="529" y="540" width="519" height="530"/>
	<SubTexture name="Dad Sing Note UP0013" x="529" y="540" width="519" height="530"/>
	<SubTexture name="Dad Sing Note UP0014" x="529" y="540" width="519" height="530"/>
	<SubTexture name="Dad idle dance0000" x="2116" y="1080" width="519" height="530"/>
	<SubTexture name="Dad idle dance0001" x="2116" y="1080" width="519" height="530"/>
	<SubTexture name="Dad idle dance0002" x="2116" y="1080" width="519" height="530"/>
	<SubTexture name="Dad idle dance0003" x="0" y="1620" width="519" height="530"/>
	<SubTexture name="Dad idle dance0004" x="529" y="1620" width="519" height="530"/>
	<SubTexture name="Dad idle dance0005" x="1058" y="1620" width="519" height="530"/>
	<SubTexture name="Dad idle dance0006" x="1058" y="1620" width="519" height="530"/>
	<SubTexture name="Dad idle dance0007" x="1587" y="1620" width="519" height="530"/>
	<SubTexture name="Dad idle dance0008" x="1587" y="1620" width="519" height="530"/>
	<SubTexture name="Dad idle dance0009" x="1587" y="1620" width="519" height="530"/>
	<SubTexture name="Dad idle dance0010" x="1587" y="1620" width="519" height="530"/>
	<SubTexture name="Dad idle dance0011" x="1587" y="1620" width="519" height="530"/>
	<SubTexture name="Dad idle dance0012" x="1587" y="1620" width="519" height="530"/>
	<SubTexture name="Dad idle dance0013" x="1587" y="1620" width="519" height="530"/>
	<SubTexture name="Dad idle dance0014" x="0" y="1620" width="519" height="530"/>
	<SubTexture name="Dad idle dance0015" x="0" y="1620" width="519" height="530"/>
	<SubTexture name="Dad idle dance0016" x="0" y="1620" width="519" height="530"/>
	<SubTexture name="Dad idle dance0017" x="0" y="1620" width="519" height="530"/>
	<SubTexture name="Dad idle dance0018" x="0" y="1620" width="519" height="530"/>
</TextureAtlas>
